-1.04233,6.99325,0,0,0,-0.00360066,0.999994,0,3
-0.0253263,6.83119,0,0,0,-0.116411,0.993201,0,3
2.54505,5.71849,0,0,0,-0.0126656,0.99992,0,3
4.54067,5.71584,0,0,0,0.0199444,0.999801,0,3
6.61435,5.7372,0,0,0,0.00613842,0.999981,0,3
9.15475,5.85768,0,0,0,0.0165204,0.999864,0,3
11.2489,5.99167,0,0,0,0.0268159,0.99964,0,3
13.9097,6.07725,0,0,0,-0.048934,0.998802,0,3
16.0468,5.65188,0,0,0,-0.0845456,0.99642,0,3
18.7354,5.45217,0,0,0,-0.0169922,0.999856,0,3
21.6469,5.76023,0,0,0,-0.0094811,0.999955,0,3
25.0713,6.17737,0,0,0,-0.0454245,0.998968,0,3
27.2598,5.88582,0,0,0,-0.0813513,0.996685,0,3
29.5848,5.92491,0,0,0,-0.00512871,0.999987,0,3
31.3093,5.94472,0,0,0,0.00894631,0.99996,0,3
34.1558,5.91805,0,0,0,-0.00484747,0.999988,0,3
36.3332,5.78328,0,0,0,-0.0891967,0.996014,0,3
38.5239,5.70094,0,0,0,-0.0329062,0.999458,0,3
41.9968,5.48992,0,0,0,-0.0618216,0.998087,0,3
44.2205,5.59011,0,0,0,0.000283776,1,0,3
47.2925,6.01266,0,0,0,0.000190938,1,0,3
49.7389,6.06798,0,0,0,-0.0139376,0.999903,0,3
52.1144,5.95047,0,0,0,-0.0057558,0.999983,0,3
54.5253,6.04651,0,0,0,0.0020563,0.999998,0,3
56.9867,6.06982,0,0,0,0.0293997,0.999568,0,3
59.246,6.17412,0,0,0,0.0111329,0.999938,0,3
61.6699,6.22045,0,0,0,0.0539167,0.998545,0,3
64.0122,6.45254,0,0,0,0.0482542,0.998835,0,3
66.4791,6.56114,0,0,0,-0.0102103,0.999948,0,3
68.4616,6.46316,0,0,0,-0.0513607,0.99868,0,3
71.554,6.6341,0,0,0,0.0220024,0.999758,0,3
74.0833,6.61928,0,0,0,-0.0382115,0.99927,0,3
76.0293,6.67702,0,0,0,0.031406,0.999507,0,3
78.5149,6.7847,0,0,0,0.0121005,0.999927,0,3
80.5522,6.84644,0,0,0,-0.0187573,0.999824,0,3
82.6551,6.84309,0,0,0,-0.0120597,0.999927,0,3
85.5094,6.77193,0,0,0,-0.0304139,0.999537,0,3
88.2364,6.63057,0,0,0,-0.0463669,0.998924,0,3
90.3844,6.69351,0,0,0,0.0263762,0.999652,0,3
93.1937,6.86396,0,0,0,-0.00118182,0.999999,0,3
95.1644,6.80562,0,0,0,-0.04107,0.999156,0,3
97.6961,6.63956,0,0,0,-0.0416291,0.999133,0,3
100.366,6.60096,0,0,0,0.0033641,0.999994,0,3
102.313,6.7058,0,0,0,0.0167726,0.999859,0,3
104.872,6.70333,0,0,0,-0.0116256,0.999932,0,3
107.893,6.54112,0,0,0,-0.0394698,0.999221,0,3
109.729,6.4869,0,0,0,-0.00412983,0.999991,0,3
112.18,6.53821,0,0,0,-0.0304357,0.999537,0,3
114.532,6.4661,0,0,0,-0.0225322,0.999746,0,3
116.823,6.41015,0,0,0,-0.0172187,0.999852,0,3
119.16,6.32848,0,0,0,-0.0367828,0.999323,0,3
121.895,6.26651,0,0,0,-0.00158956,0.999999,0,3
123.592,6.31904,0,0,0,0.011797,0.99993,0,3
126.33,6.64317,0,0,0,0.0128721,0.999917,0,3
128.946,6.96355,0,0,0,0.015148,0.999885,0,3
131.558,7.05471,0,0,0,-0.0187998,0.999823,0,3
133.64,7.38302,0,0,0,0.0881952,0.996103,0,3
136.815,7.38183,0,0,0,0.0135922,0.999908,0,3
138.829,7.24112,0,0,0,-0.0164318,0.999865,0,3
141.297,7.31435,0,0,0,0.0178321,0.999841,0,3
144.344,7.4172,0,0,0,0.00991507,0.999951,0,3
146.384,7.42102,0,0,0,0.061129,0.99813,0,3
148.15,7.64778,0,0,0,0.000756563,1,0,3
150.53,7.65547,0,0,0,-0.0150279,0.999887,0,3
153.057,7.4539,0,0,0,-0.0484417,0.998826,0,3
155.598,7.49692,0,0,0,0.0196946,0.999806,0,3
157.668,7.58392,0,0,0,-0.000261182,1,0,3
160.242,7.50959,0,0,0,0.0439305,0.999035,0,3
162.294,7.70936,0,0,0,0.0231645,0.999732,0,3
164.936,7.76858,0,0,0,-0.00360762,0.999993,0,3
167.65,7.63923,0,0,0,-0.0420745,0.999114,0,3
170.222,7.6982,0,0,0,0.0443855,0.999014,0,3
172.869,7.79401,0,0,0,-0.0172949,0.99985,0,3
175.56,7.70535,0,0,0,0.0102142,0.999948,0,3
178.198,7.82488,0,0,0,-0.000750868,1,0,3
180.283,7.84649,0,0,0,0.00970699,0.999953,0,3
183.018,7.91143,0,0,0,-0.0108089,0.999942,0,3
185.146,7.96261,0,0,0,0.0125259,0.999922,0,3
187.825,8.02194,0,0,0,0.00761598,0.999971,0,3
189.973,8.16775,0,0,0,0.0207647,0.999784,0,3
192.821,8.16576,0,0,0,-0.0244494,0.999701,0,3
195.128,8.16192,0,0,0,-0.0068962,0.999976,0,3
198.037,8.10748,0,0,0,-0.00556984,0.999984,0,3
200.475,8.10817,0,0,0,0.110261,0.993903,0,3
202.62,8.53682,0,0,0,0.0302046,0.999544,0,3
205.573,8.4862,0,0,0,-0.0311759,0.999514,0,3
207.568,8.37049,0,0,0,-0.0574089,0.998351,0,3
210.132,8.29778,0,0,0,0.025581,0.999673,0,3
212.669,8.30198,0,0,0,-0.0155456,0.999879,0,3
215.952,8.22556,0,0,0,-0.00360034,0.999994,0,3
217.94,8.19732,0,0,0,-0.0120867,0.999927,0,3
220.57,8.34996,0,0,0,-0.000200444,1,0,3
224.007,8.39861,0,0,0,-0.0192659,0.999814,0,3
225.976,8.23054,0,0,0,-0.0395977,0.999216,0,3
229.177,7.92234,0,0,0,-0.0886717,0.996061,0,3
231.137,8.12598,0,0,0,0.00337945,0.999994,0,3
233.826,8.0464,0,0,0,-0.0314483,0.999505,0,3
236.952,7.73982,0,0,0,-0.0829875,0.996551,0,3
238.859,7.82154,0,0,0,-0.000161547,1,0,3
241.283,7.72104,0,0,0,-0.0129916,0.999916,0,3
243.9,7.84788,0,0,0,0.0224345,0.999748,0,3
245.791,7.97655,0,0,0,0.0119521,0.999929,0,3
248.257,7.88757,0,0,0,-0.0471434,0.998888,0,3
251.48,7.3142,0,0,0,-0.0899316,0.995948,0,3
253.17,7.08766,0,0,0,-0.0431931,0.999067,0,3
255.957,6.79579,0,0,0,0.0027281,0.999996,0,3
258.349,6.75624,0,0,0,-0.0391485,0.999233,0,3
260.696,6.79243,0,0,0,0.0265878,0.999646,0,3
263.104,6.88308,0,0,0,0.034875,0.999392,0,3
265.609,6.9826,0,0,0,0.0534276,0.998572,0,3
267.55,7.19457,0,0,0,0.0529666,0.998596,0,3
269.483,7.32648,0,0,0,0.0415861,0.999135,0,3
272.188,7.40378,0,0,0,0.000893951,1,0,3
274,7.34695,0,0,0,-0.0384395,0.999261,0,3
276.644,7.51321,0,0,0,0.0494165,0.998778,0,3
278.595,7.51939,0,0,0,0.0257789,0.999668,0,3
281.25,7.51642,0,0,0,-0.0287726,0.999586,0,3
284.144,7.039,0,0,0,-0.164925,0.986306,0,3
286.842,6.56243,0,0,0,0.102312,0.994752,0,3
289.598,6.99879,0,0,0,0.0285105,0.999593,0,3
292.138,6.97041,0,0,0,-0.00993361,0.999951,0,3
294.182,7.08912,0,0,0,0.0766519,0.997058,0,3
296.207,7.32244,0,0,0,0.041483,0.999139,0,3
299.382,7.22044,0,0,0,0.0163875,0.999866,0,3
301.405,7.26567,0,0,0,-0.0113356,0.999936,0,3
303.949,7.20805,0,0,0,0.000756351,1,0,3
306.569,7.35573,0,0,0,0.0539188,0.998545,0,3
309.153,7.42011,0,0,0,0.0117832,0.999931,0,3
311.114,7.48497,0,0,0,0.0193944,0.999812,0,3
313.882,7.63416,0,0,0,0.00241116,0.999997,0,3
316.478,7.70922,0,0,0,0.000556622,1,0,3
318.471,7.69135,0,0,0,0.0320225,0.999487,0,3
321.673,7.71692,0,0,0,0.000797044,1,0,3
324.199,7.73327,0,0,0,-0.0262136,0.999656,0,3
326.633,7.52771,0,0,0,0.0252269,0.999682,0,3
328.584,7.9351,0,0,0,0.185115,0.982717,0,3
330.565,9.14165,0,0,0,0.347684,0.937612,0,3
332.41,11.0527,0,0,0,0.450609,0.892721,0,3
333.427,12.8503,0,0,0,0.518421,0.855126,0,3
335.012,15.5957,0,0,0,0.548891,0.835894,0,3
335.725,17.5787,0,0,0,0.577602,0.816318,0,3
336.585,20.1526,0,0,0,0.628175,0.778072,0,3
337.077,22.3209,0,0,0,0.603776,0.797154,0,3
337.454,25.1572,0,0,0,0.649095,0.760707,0,3
337.613,27.9507,0,0,0,0.666904,0.745143,0,3
337.586,30.3716,0,0,0,0.691224,0.722641,0,3
337.739,33.344,0,0,0,0.69183,0.72206,0,3
337.761,35.1133,0,0,0,0.732071,0.681228,0,3
337.681,38.1729,0,0,0,0.706941,0.707273,0,3
337.586,40.6682,0,0,0,0.731036,0.682339,0,3
337.577,43.0512,0,0,0,0.711944,0.702236,0,3
337.662,45.426,0,0,0,0.707214,0.706999,0,3
337.458,47.9736,0,0,0,0.743523,0.66871,0,3
337.413,49.8597,0,0,0,0.709197,0.705011,0,3
337.7,52.7484,0,0,0,0.678851,0.734276,0,3
337.714,54.5851,0,0,0,0.71997,0.694005,0,3
337.69,57.1328,0,0,0,0.703843,0.710356,0,3
337.716,58.9615,0,0,0,0.688166,0.725553,0,3
337.772,61.5336,0,0,0,0.727583,0.68602,0,3
337.567,63.6021,0,0,0,0.737752,0.675072,0,3
337.484,65.5999,0,0,0,0.722958,0.690892,0,3
337.422,68.4112,0,0,0,0.682506,0.73088,0,3
337.11,71.226,0,0,0,0.732659,0.680596,0,3
337.104,73.3109,0,0,0,0.679694,0.733495,0,3
336.906,76.135,0,0,0,0.736888,0.676015,0,3
336.892,77.5485,0,0,0,0.730639,0.682764,0,3
336.014,80.5419,0,0,0,0.780721,0.62488,0,3
335.683,83.1466,0,0,0,0.729356,0.684134,0,3
335.37,85.1469,0,0,0,0.784641,0.61995,0,3
334.885,87.6871,0,0,0,0.766953,0.641703,0,3
334.136,90.0099,0,0,0,0.813932,0.58096,0,3
333.53,91.7458,0,0,0,0.798782,0.60162,0,3
332.773,94.8122,0,0,0,0.788121,0.615521,0,3
332.293,96.4253,0,0,0,0.809259,0.587452,0,3
331.636,98.6424,0,0,0,0.790432,0.61255,0,3
330.956,100.971,0,0,0,0.810258,0.586073,0,3
330.365,102.57,0,0,0,0.815823,0.578301,0,3
329.375,105.118,0,0,0,0.882496,0.47032,0,3
327.887,106.578,0,0,0,0.957989,0.286807,0,3
325.833,108.223,0,0,0,0.930571,0.366112,0,3
323.629,109.688,0,0,0,0.954483,0.298266,0,3
321.576,111.388,0,0,0,0.925643,0.378398,0,3
319.886,112.651,0,0,0,0.965832,0.25917,0,3
317.776,113.375,0,0,0,0.989354,0.145526,0,3
315.847,113.656,0,0,0,0.999938,0.0111566,0,3
312.431,113.585,0,0,0,0.999239,0.0390117,0,3
310.035,113.933,0,0,0,0.993267,0.115852,0,3
307.369,113.794,0,0,0,-0.998837,0.0482076,0,3
304.629,113.749,0,0,0,0.999531,0.0306242,0,3
301.693,114.243,0,0,0,0.999834,0.0181935,0,3
299.713,114.226,0,0,0,0.99992,0.0126603,0,3
297.231,114.395,0,0,0,0.996983,0.0776241,0,3
294.554,114.377,0,0,0,0.999107,0.0422425,0,3
291.654,114.78,0,0,0,0.993436,0.114385,0,3
289.751,114.852,0,0,0,-0.999636,0.0269625,0,3
287.121,114.831,0,0,0,0.999628,0.0272812,0,3
283.932,114.676,0,0,0,0.999976,0.00688647,0,3
282.021,114.685,0,0,0,-1,0.00063495,0,3
278.899,114.727,0,0,0,-1,0.000426575,0,3
276.417,114.623,0,0,0,0.999641,0.0268076,0,3
274.006,114.773,0,0,0,0.999999,0.00168369,0,3
271.628,114.89,0,0,0,0.999883,0.0153032,0,3
268.569,114.806,0,0,0,0.999409,0.0343627,0,3
265.683,115.109,0,0,0,0.999638,0.0268873,0,3
263.42,115.206,0,0,0,0.998483,0.0550677,0,3
260.625,115.399,0,0,0,0.999944,0.0105939,0,3
257.866,115.677,0,0,0,0.99545,0.0952894,0,3
255.627,115.813,0,0,0,0.999126,0.0418068,0,3
252.371,116.162,0,0,0,-0.999813,0.0193291,0,3
250.053,116.163,0,0,0,0.998642,0.052093,0,3
247.485,116.515,0,0,0,0.997796,0.0663533,0,3
244.742,116.551,0,0,0,0.998935,0.0461469,0,3
242.606,116.747,0,0,0,0.999365,0.0356435,0,3
239.907,116.931,0,0,0,-0.99985,0.017345,0,3
237.06,116.785,0,0,0,0.999977,0.00680748,0,3
234.971,116.875,0,0,0,0.998106,0.061522,0,3
232.326,117.107,0,0,0,0.999777,0.0211129,0,3
229.167,117.493,0,0,0,0.993831,0.110908,0,3
226.74,118.268,0,0,0,0.971429,0.237332,0,3
225.072,119.688,0,0,0,0.880397,0.474238,0,3
224.475,121.922,0,0,0,0.74409,0.668079,0,3
224.034,124.527,0,0,0,0.735116,0.677941,0,3
224.514,126.853,0,0,0,0.690984,0.72287,0,3
224.353,130.264,0,0,0,0.711758,0.702424,0,3
224.156,132.715,0,0,0,0.673774,0.738938,0,3
223.629,134.82,0,0,0,0.652317,0.757946,0,3
224.038,137.993,0,0,0,0.675503,0.737357,0,3
224.026,141.626,0,0,0,0.719009,0.695001,0,3
224.022,143.189,0,0,0,0.695529,0.718498,0,3
224,145.793,0,0,0,0.709351,0.704855,0,3
224.264,148.847,0,0,0,0.698944,0.715177,0,3
224.296,151.924,0,0,0,0.721986,0.691907,0,3
224.208,154.464,0,0,0,0.71419,0.699952,0,3
224.206,157.065,0,0,0,0.69409,0.719888,0,3
224.266,159.71,0,0,0,0.718535,0.69549,0,3
224.381,162.888,0,0,0,0.668668,0.743561,0,3
224.283,164.96,0,0,0,0.7161,0.697998,0,3
224.207,167.946,0,0,0,0.68558,0.727997,0,3
224.084,170.584,0,0,0,0.711741,0.702442,0,3
223.689,173.188,0,0,0,0.685849,0.727744,0,3
223.617,175.299,0,0,0,0.699317,0.714811,0,3
223.537,177.42,0,0,0,0.759998,0.649925,0,3
223.418,179.984,0,0,0,0.685213,0.728343,0,3
223.292,182.577,0,0,0,0.66064,0.750703,0,3
223.039,185.234,0,0,0,0.620982,0.783825,0,3
222.85,187.977,0,-1.19563e-08,-6.75143e-09,0.706456,0.707757,0,3
222.717,190.886,0,-1.03905e-08,-5.43434e-09,0.63031,0.776343,0,3
222.314,193.585,0,0,0,0.715768,0.698338,0,3
221.598,197.211,0,0,0,0.763147,0.646225,0,3
221.621,199.859,0,0,0,0.726418,0.687254,0,3
221.35,202.652,0,0,0,0.676647,0.736308,0,3
221.21,204.824,0,0,0,0.725788,0.687918,0,3
221.019,207.896,0,0,0,0.709237,0.70497,0,3
220.701,209.92,0,0,0,0.75042,0.660961,0,3
220.431,213.081,0,0,0,0.732665,0.680589,0,3
220.042,215.859,0,0,0,0.739903,0.672714,0,3
219.656,218.556,0,0,0,0.726333,0.687343,0,3
219.674,221.108,0,0,0,0.685326,0.728236,0,3
219.342,224.16,0,0,0,0.724281,0.689505,0,3
219.233,226.517,0,0,0,0.699047,0.715075,0,3
218.889,228.837,0,0,0,0.747536,0.664221,0,3
218.481,230.937,0,0,0,0.741998,0.670402,0,3
218.202,233.008,0,0,0,0.745531,0.666471,0,3
217.928,235.979,0,0,0,0.827464,0.561518,0,3
216.691,237.604,0,0,0,0.914139,0.4054,0,3
215.159,238.941,0,0,0,0.970658,0.240462,0,3
213.434,239.439,0,0,0,0.997287,0.0736113,0,3
210.736,239.346,0,0,0,-0.996377,0.0850419,0,3
207.6,238.875,0,0,0,-0.999364,0.0356675,0,3
204.953,238.779,0,0,0,0.99978,0.0209778,0,3
202.965,238.843,0,0,0,0.999581,0.0289482,0,3
200.352,238.63,0,0,0,-0.999009,0.0445169,0,3
198.18,238.107,0,0,0,-0.999653,0.0263314,0,3
195.428,238.097,0,0,0,0.999226,0.0393375,0,3
193.358,237.881,0,0,0,-0.9989,0.0468923,0,3
190.626,237.65,0,0,0,0.999966,0.00827582,0,3
188.59,237.386,0,0,0,-0.999702,0.0244074,0,3
185.328,237.018,0,0,0,0.999998,0.00198219,0,3
182.334,236.884,0,0,0,0.999971,0.00764312,0,3
180.517,236.728,0,0,0,-0.999906,0.013736,0,3
178.11,236.524,0,0,0,-0.999478,0.0323138,0,3
176.3,236.197,0,0,0,-0.998088,0.0618028,0,3
172.767,236.164,0,0,0,0.999455,0.0330062,0,3
170.396,236.061,0,0,0,-0.999966,0.00820414,0,3
167.477,235.885,0,0,0,-0.999584,0.0288255,0,3
165.183,235.714,0,0,0,-0.999957,0.00923776,0,3
162.381,235.443,0,0,0,-0.999656,0.0262182,0,3
159.722,235.35,0,0,0,-0.999858,0.0168756,0,3
157.495,235.221,0,0,0,-0.997871,0.0652176,0,3
154.234,234.793,0,0,0,-0.999009,0.0445027,0,3
151.995,234.6,0,0,0,-0.999912,0.0132458,0,3
148.731,234.499,0,0,0,0.999971,0.00766056,0,3
146.629,234.331,0,0,0,-0.999961,0.00881948,0,3
143.48,234.233,0,0,0,0.999933,0.0116034,0,3
140.905,234.194,0,0,0,0.999879,0.0155289,0,3
138.281,234.154,0,0,0,0.999658,0.0261561,0,3
135.661,233.837,0,0,0,-0.996819,0.0796999,0,3
133.099,233.492,0,0,0,-0.999338,0.0363915,0,3
130.462,233.224,0,0,0,-0.998521,0.0543662,0,3
127.348,232.926,0,0,0,-0.999356,0.0358803,0,3
124.806,233.038,0,0,0,0.99963,0.0271857,0,3
122.15,233.059,0,0,0,-0.99999,0.00437094,0,3
118.997,233.054,0,0,0,0.999414,0.0342405,0,3
116.845,232.997,0,0,0,0.999993,0.00380073,0,3
114.151,232.857,0,0,0,-0.999993,0.00377021,0,3
110.883,232.878,0,0,0,0.999261,0.0384373,0,3
108.367,232.538,0,0,0,-0.997871,0.065216,0,3
105.814,232.195,0,0,0,-0.99912,0.0419466,0,3
103.223,231.968,0,0,0,-0.999662,0.0260144,0,3
100.714,231.795,0,0,0,-0.99979,0.0204749,0,3
98.0038,231.635,0,0,0,-0.999785,0.0207368,0,3
94.7814,231.488,0,0,0,-0.999889,0.014891,0,3
92.4738,231.433,0,0,0,1,0.000368772,0,3
89.4649,231.397,0,0,0,0.999906,0.0136972,0,3
87.6157,231.449,0,0,0,0.999823,0.0188258,0,3
84.5438,231.29,0,0,0,-0.999949,0.010094,0,3
81.235,231.155,0,0,0,0.999971,0.00757833,0,3
79.2347,231.155,0,0,0,0.999793,0.0203545,0,3
75.7784,231.321,0,0,0,0.999948,0.0102276,0,3
72.9579,231.276,0,0,0,0.999977,0.00670978,0,3
70.7714,231.299,0,0,0,-0.999998,0.0020944,0,3
67.9288,231.21,0,0,0,0.999951,0.0098761,0,3
65.1556,231.236,0,0,0,0.99971,0.0240671,0,3
62.5218,231.144,0,0,0,1,0.00036442,0,3
59.1181,230.825,0,0,0,-0.999526,0.0307923,0,3
56.615,230.766,0,0,0,0.999926,0.0121248,0,3
54.1992,230.768,0,0,0,-0.999995,0.00317635,0,3
50.7361,230.779,0,0,0,0.999891,0.0147949,0,3
48.5416,230.854,0,0,0,0.999998,0.00205942,0,3
45.8005,230.865,0,0,0,-0.998898,0.0469342,0,3
42.8785,230.511,0,0,0,-0.999764,0.0217359,0,3
40.0765,230.42,0,0,0,0.999999,0.00142879,0,3
37.3488,230.457,0,0,0,0.9998,0.0199879,0,3
34.5593,230.287,0,0,0,-0.999598,0.028369,0,3
31.788,230.089,0,0,0,-0.999814,0.0192989,0,3
29.0302,229.817,0,0,0,-0.999562,0.0295938,0,3
25.7261,229.704,0,0,0,-0.999948,0.0102156,0,3
23.5001,229.565,0,0,0,-0.99999,0.00456852,0,3
20.2584,229.457,0,0,0,-0.999919,0.0127261,0,3
17.647,229.448,0,0,0,0.999968,0.00798511,0,3
15.1079,229.407,0,0,0,-0.999482,0.0321787,0,3
11.9136,229.266,0,0,0,-0.999943,0.0107172,0,3
9.17684,229.071,0,0,0,-0.999945,0.0104505,0,3
5.87106,228.95,0,0,0,0.999941,0.0108467,0,3
3.75503,228.888,0,0,0,0.999999,0.00167302,0,3
0.57946,228.854,0,0,0,0.999993,0.00376852,0,3
-2.16307,228.837,0,0,0,0.999574,0.0291924,0,3
-4.90693,229.143,0,0,0,0.998152,0.0607639,0,3
-8.27465,229.373,0,0,0,0.999271,0.038184,0,3
-11.1239,229.542,0,0,0,0.997869,0.0652498,0,3
-13.4618,229.893,0,0,0,0.996264,0.0863589,0,3
-16.3106,230.401,0,0,0,0.993541,0.11347,0,3
-19.3123,230.793,0,0,0,0.999147,0.041284,0,3
-21.6187,230.88,0,0,0,0.999839,0.0179713,0,3
-24.6592,230.914,0,0,0,0.999794,0.0203111,0,3
-27.6058,231.01,0,0,0,-0.999676,0.025466,0,3
-30.3992,230.927,0,0,0,-0.999997,0.00227647,0,3
-32.7791,230.977,0,0,0,0.999704,0.0243245,0,3
-36.0137,231.091,0,0,0,0.999542,0.0302468,0,3
-38.838,231.354,0,0,0,0.996849,0.0793179,0,3
-41.5795,231.852,0,0,0,0.993594,0.11301,0,3
-44.0694,232.473,0,0,0,0.953265,0.302136,0,3
-45.5134,234.558,0,0,0,0.830044,0.557698,0,3
-46.3735,236.549,0,0,0,0.825143,0.564924,0,3
-47.3726,239.189,0,0,0,0.810803,0.585319,0,3
-49.1736,241.972,0,0,0,0.858936,0.512083,0,3
-50.1309,244.078,0,0,0,0.82518,0.56487,0,3
-51.2004,246.77,0,0,0,0.83265,0.5538,0,3
-52.4771,249.354,0,0,0,0.859436,0.511244,0,3
-53.3776,251.56,0,0,0,0.820973,0.570968,0,3
-54.4354,254.343,0,0,0,0.848126,0.529795,0,3
-55.1698,255.85,0,0,0,0.85874,0.512411,0,3
-56.3301,258.395,0,0,0,0.825343,0.564631,0,3
-57.2682,260.601,0,0,0,0.8093,0.587396,0,3
-58.0413,263.043,0,0,0,0.791138,0.611638,0,3
-58.9574,266.418,0,0,0,0.777817,0.628491,0,3
-59.4321,268.419,0,0,0,0.799856,0.600192,0,3
-60.159,271.198,0,0,0,0.766935,0.641725,0,3
-60.6797,273.756,0,0,0,0.797777,0.602953,0,3
-61.5559,276.321,0,0,0,0.796986,0.603998,0,3
-62.0359,278.282,0,0,0,0.794007,0.607908,0,3
-62.9839,280.652,0,0,0,0.817124,0.576461,0,3
-63.5896,282.491,0,0,0,0.817095,0.576503,0,3
-64.7445,285.417,0,0,0,0.811467,0.584398,0,3
-65.3917,287.738,0,0,0,0.796228,0.604997,0,3
-66.2101,290.533,0,0,0,0.781022,0.624504,0,3
-66.871,293.272,0,0,0,0.790769,0.612115,0,3
-67.3235,294.919,0,0,0,0.785281,0.61914,0,3
-67.8213,297.048,0,0,0,0.781843,0.623475,0,3
-68.4317,299.653,0,0,0,0.774517,0.632553,0,3
-68.7771,301.235,0,0,0,0.796007,0.605287,0,3
-69.8968,304.378,0,0,0,0.798586,0.601881,0,3
-70.6754,307.434,0,0,0,0.767631,0.640892,0,3
-71.3247,309.938,0,0,0,0.755859,0.654735,0,3
-71.6647,312.487,0,0,0,0.797619,0.603162,0,3
-72.472,314.456,0,0,0,0.82553,0.564359,0,3
-73.4954,316.994,0,0,0,0.823991,0.566603,0,3
-74.3324,319.435,0,0,0,0.81083,0.585282,0,3
-75.1505,321.937,0,0,0,0.796671,0.604414,0,3
-75.759,324.485,0,0,0,0.775651,0.631162,0,3
-76.2493,326.556,0,0,0,0.770237,0.637758,0,3
-76.8694,329.025,0,0,0,0.795727,0.605656,0,3
-77.6898,331.514,0,0,0,0.782982,0.622045,0,3
-78.4441,334.608,0,0,0,0.770765,0.63712,0,3
-78.8572,336.762,0,0,0,0.753752,0.657159,0,3
-79.4774,339.386,0,0,0,0.810743,0.585403,0,3
-80.4804,342.534,0,0,0,0.792209,0.610249,0,3
-81.1825,345.16,0,0,0,0.776157,0.630539,0,3
-81.6521,347.373,0,0,0,0.7584,0.651789,0,3
-82.5244,349.95,0,0,0,0.79065,0.612268,0,3
-82.992,352.196,0,0,0,0.770155,0.637856,0,3
-83.528,354.496,0,0,0,0.76648,0.642269,0,3
-84.0474,356.893,0,0,0,0.765625,0.643287,0,3
-84.57,359.398,0,0,0,0.756524,0.653966,0,3
-85.2148,362.388,0,0,0,0.775419,0.631447,0,3
-85.8421,364.924,0,0,0,0.815594,0.578625,0,3
-86.5589,367.222,0,0,0,0.789772,0.6134,0,3
-87.2081,369.552,0,0,0,0.78268,0.622424,0,3
-87.9256,372.09,0,0,0,0.781094,0.624413,0,3
-88.8167,375.329,0,0,0,0.764133,0.645059,0,3
-89.01,377.335,0,0,0,0.751584,0.659637,0,3
-89.5471,380.666,0,0,0,0.722071,0.691819,0,3
-90.3649,382.648,0,0,0,0.777029,0.629465,0,3
-91.7411,385.549,0,0,0,0.802602,0.596515,0,3
-92.5503,388.65,0,0,0,0.757973,0.652286,0,3
-92.9051,390.906,0,0,0,0.742515,0.66983,0,3
-93.2614,393.606,0,0,0,0.751873,0.659308,0,3
-93.8053,395.865,0,0,0,0.78319,0.621783,0,3
-94.42,398.671,0,0,0,0.761136,0.648592,0,3
-94.7194,401.332,0,0,0,0.75453,0.656265,0,3
-95.5869,404.151,0,0,0,0.798031,0.602617,0,3
-96.2594,406.339,0,0,0,0.799818,0.600242,0,3
-97.0889,409.481,0,0,0,0.781707,0.623646,0,3
-97.6328,412.07,0,0,0,0.765601,0.643316,0,3
-98.4335,414.712,0,0,0,0.821158,0.570701,0,3
-99.4022,417.232,0,0,0,0.801657,0.597784,0,3
-100.18,419.78,0,0,0,0.790391,0.612602,0,3
-100.907,422.746,0,0,0,0.781167,0.624323,0,3
-101.463,425.187,0,0,0,0.725627,0.688088,0,3
-101.924,427.822,0,0,0,0.763983,0.645236,0,3
-102.344,430.427,0,0,0,0.735724,0.677282,0,3
-102.582,433.502,0,0,0,0.738021,0.674777,0,3
-103.071,435.697,0,0,0,0.774996,0.631966,0,3
-103.858,439.076,0,0,0,0.75488,0.655863,0,3
-104.475,441.274,0,0,0,0.774343,0.632766,0,3
-104.97,444.283,0,0,0,0.76113,0.6486,0,3
-105.349,446.807,0,0,0,0.754117,0.65674,0,3
-105.951,449.222,0,0,0,0.807772,0.589496,0,3
-106.842,452.111,0,0,0,0.803836,0.594851,0,3
-107.526,454.549,0,0,0,0.788205,0.615413,0,3
-107.968,456.42,0,0,0,0.773534,0.633755,0,3
-108.759,459.785,0,0,0,0.758735,0.651399,0,3
-109.312,462.473,0,0,0,0.796109,0.605153,0,3
-109.923,465.215,0,0,0,0.776626,0.629962,0,3
-110.406,467.195,0,0,0,0.785487,0.618878,0,3
-111.399,470.477,0,0,0,0.779508,0.626392,0,3
-111.862,472.332,0,0,0,0.775729,0.631067,0,3
-112.636,475.303,0,0,0,0.761961,0.647623,0,3
-113.135,478.789,0,0,0,0.738387,0.674377,0,3
-113.651,480.493,0,0,0,0.849563,0.527487,0,3
-115.052,483.527,0,0,0,0.830293,0.557328,0,3
-116.087,485.929,0,0,0,0.827484,0.561489,0,3
-117.116,488.684,0,0,0,0.774639,0.632404,0,3
-117.51,491.37,0,0,0,0.744861,0.66722,0,3
-118.012,494.628,0,0,0,0.735663,0.677348,0,3
-118.324,496.701,0,0,0,0.775013,0.631945,0,3
-119.025,499.825,0,0,0,0.751627,0.659589,0,3
-119.49,502.456,0,0,0,0.775858,0.630907,0,3
-120.227,505.532,0,0,0,0.773683,0.633573,0,3
-120.689,507.592,0,0,0,0.770934,0.636916,0,3
-121.307,510.662,0,0,0,0.778263,0.627938,0,3
-121.995,513.183,0,0,0,0.783683,0.621161,0,3
-122.519,515.744,0,0,0,0.758813,0.651309,0,3
-123.109,518.273,0,0,0,0.779975,0.625811,0,3
-123.884,521.325,0,0,0,0.7776,0.62876,0,3
-124.519,523.894,0,0,0,0.785962,0.618275,0,3
-125.128,526.419,0,0,0,0.76144,0.648236,0,3
-125.691,529.631,0,0,0,0.739898,0.672719,0,3
-126.36,532.297,0,0,0,0.783407,0.621509,0,3
-126.873,534.418,0,0,0,0.771493,0.636237,0,3
-127.44,537.15,0,0,0,0.760671,0.649137,0,3
-127.95,539.98,0,0,0,0.755094,0.655617,0,3
-128.846,542.633,0,0,0,0.806619,0.591072,0,3
-129.477,545.447,0,0,0,0.756803,0.653643,0,3
-130.077,548.453,0,0,0,0.759863,0.650084,0,3
-130.511,551.019,0,0,0,0.758133,0.6521,0,3
-130.816,553.001,0,0,0,0.741662,0.670774,0,3
-131.187,555.811,0,0,0,0.742539,0.669803,0,3
-131.48,559.085,0,0,0,0.711631,0.702553,0,3
-131.753,561.065,0,0,0,0.782646,0.622467,0,3
-132.723,564.565,0,0,0,0.776743,0.629818,0,3
-133.314,566.597,0,0,0,0.776438,0.630193,0,3
-133.896,569.763,0,0,0,0.75332,0.657654,0,3
-134.303,572.792,0,0,0,0.765492,0.643445,0,3
-135.329,575.326,0,0,0,0.81882,0.574051,0,3
-136.018,577.678,0,0,0,0.784748,0.619816,0,3
-136.592,579.963,0,0,0,0.756819,0.653625,0,3
-137.048,583.319,0,0,0,0.735,0.678067,0,3
-137.26,586.03,0,0,0,0.715971,0.69813,0,3
-137.641,588.23,0,0,0,0.787284,0.61659,0,3
-138.475,591.474,0,0,0,0.777549,0.628822,0,3
-139.005,594.133,0,0,0,0.754059,0.656807,0,3
-139.379,596.788,0,0,0,0.742567,0.669772,0,3
-140.006,599.4,0,0,0,0.768137,0.640286,0,3
-140.498,602.082,0,0,0,0.743617,0.668606,0,3
-141.073,605.136,0,0,0,0.780811,0.624767,0,3
-141.545,607.662,0,0,0,0.753967,0.656912,0,3
-141.857,610.771,0,0,0,0.720685,0.693262,0,3
-141.995,613.441,0,0,0,0.705441,0.708769,0,3
-142.471,616.033,0,0,0,0.75508,0.655632,0,3
-142.774,618.109,0,0,0,0.772864,0.634572,0,3
-143.58,621.217,0,0,0,0.76093,0.648834,0,3
-144.091,623.788,0,0,0,0.780299,0.625406,0,3
-144.761,626.962,0,0,0,0.788857,0.614577,0,3
-145.279,628.977,0,0,0,0.774022,0.633159,0,3
-145.763,632.16,0,0,0,0.755956,0.654622,0,3
-146.114,634.82,0,0,0,0.763785,0.645471,0,3
-146.744,637.461,0,0,0,0.764512,0.64461,0,3
-147.373,640.671,0,0,0,0.771825,0.635836,0,3
-147.774,642.802,0,0,0,0.749721,0.661754,0,3
-148.631,646.005,0,0,0,0.779585,0.626297,0,3
-149.263,648.127,0,0,0,0.779276,0.626681,0,3
-149.8,650.836,0,0,0,0.761684,0.647949,0,3
-150.377,653.771,0,0,0,0.74925,0.662288,0,3
-150.755,656.12,0,0,0,0.778928,0.627114,0,3
-151.181,659.144,0,0,0,0.7287,0.684833,0,3
-151.265,661.801,0,0,0,0.734049,0.679097,0,3
-151.88,664.188,0,0,0,0.780837,0.624735,0,3
-152.515,667.28,0,0,0,0.751542,0.659686,0,3
-152.968,669.939,0,0,0,0.757548,0.652779,0,3
-153.379,672.591,0,0,0,0.747361,0.664418,0,3
-153.605,675.412,0,0,0,0.725834,0.68787,0,3
-153.994,678.14,0,0,0,0.728312,0.685245,0,3
-154.333,680.884,0,0,0,0.792019,0.610496,0,3
-155.455,683.55,0,0,0,0.808129,0.589006,0,3
-156.275,686.373,0,0,0,0.79172,0.610884,0,3
-156.657,688.299,0,0,0,0.800456,0.599391,0,3
-157.27,691.325,0,0,0,0.761128,0.648602,0,3
-157.655,694.098,0,0,0,0.741998,0.670403,0,3
-157.808,696.424,0,0,0,0.719861,0.694118,0,3
-158.033,699.641,0,0,0,0.769318,0.638866,0,3
-158.536,702.42,0,0,0,0.754652,0.656125,0,3
-159.103,705.17,0,0,0,0.762613,0.646856,0,3
-159.709,707.814,0,0,0,0.782583,0.622546,0,3
-160.111,709.941,0,0,0,0.738571,0.674176,0,3
-160.402,712.957,0,0,0,0.724348,0.689434,0,3
-160.485,716.072,0,0,0,0.704538,0.709666,0,3
-160.735,718.657,0,0,0,0.748399,0.663249,0,3
-161.096,721.378,0,0,0,0.776114,0.630593,0,3
-161.782,724.028,0,0,0,0.788887,0.614539,0,3
-162.81,727.02,0,0,0,0.807737,0.589543,0,3
-163.707,729.488,0,0,0,0.812102,0.583516,0,3
-164.689,732.006,0,0,0,0.876188,0.48197,0,3
-165.834,733.362,0,0,0,0.935346,0.353735,0,3
-168.788,734.452,0,0,0,-0.999736,0.0229978,0,3
-170.412,734.281,0,0,0,-0.999831,0.0184048,0,3
-173.579,733.992,0,0,0,-0.996524,0.0833051,0,3
-176.623,733.184,0,0,0,-0.990585,0.136897,0,3
-179.196,732.579,0,0,0,-0.998311,0.0580928,0,3
-181.896,732.235,0,0,0,-0.997666,0.0682885,0,3
-185.201,731.62,0,0,0,-0.99464,0.103396,0,3
-187.487,731.232,0,0,0,0.999352,0.0359942,0,3
-190.831,731.372,0,0,0,0.999986,0.00523143,0,3
-192.818,731.2,0,0,0,-0.999925,0.0122613,0,3
-196.105,731.031,0,0,0,-0.999651,0.0264344,0,3
-198.11,730.558,0,0,0,-0.992336,0.123572,0,3
-200.922,729.555,0,0,0,-0.990241,0.139368,0,3
-203.387,728.833,0,0,0,-0.993602,0.112936,0,3
-205.971,728.352,0,0,0,-0.999406,0.0344689,0,3
-209.192,728.051,0,0,0,-0.997224,0.0744588,0,3
-211.319,727.669,0,0,0,-0.993957,0.109769,0,3
-213.432,727.428,0,0,0,-0.998162,0.0606009,0,3
-215.44,726.206,0,0,0,-0.999075,0.0430073,0,3
-216.527,724.684,0,0,0,-0.966899,0.255161,0,3
-217.65,722.556,0,0,0,-0.894229,0.44761,0,3
-217.832,720.199,0,0,0,-0.635456,0.772137,0,3
-217.881,717.997,0,0,0,-0.501978,0.86488,0,3
-217.515,715.897,0,0,0,-0.549948,0.835199,0,3
-217.076,713.78,0,0,0,-0.518209,0.855254,0,3
-215.475,711.207,0,0,0,-0.602059,0.798452,0,3
-215.012,709.77,0,0,0,-0.606643,0.794974,0,3
-214.543,706.528,0,0,0,-0.683577,0.729879,0,3
-214.621,704.409,0,0,0,-0.703519,0.710676,0,3
-214.418,701.548,0,0,0,-0.619386,0.785087,0,3
-213.878,698.845,0,0,0,-0.64303,0.765841,0,3
-213.464,695.824,0,0,0,-0.685941,0.727657,0,3
-213.25,693.82,0,0,0,-0.663215,0.748429,0,3
-212.813,690.871,0,0,0,-0.677005,0.735979,0,3
-212.531,688.318,0,0,0,-0.659575,0.751639,0,3
-212.224,686.25,0,0,0,-0.621612,0.783325,0,3
-211.539,683.302,0,0,0,-0.646071,0.763277,0,3
-211.038,680.758,0,0,0,-0.653218,0.75717,0,3
-210.68,678.153,0,0,0,-0.677671,0.735366,0,3
-210.469,675.693,0,0,0,-0.694756,0.719246,0,3
-209.989,673.146,0,0,0,-0.637622,0.770349,0,3
-209.408,670.07,0,0,0,-0.664648,0.747157,0,3
-209.066,667.485,0,0,0,-0.609584,0.792722,0,3
-208.44,664.948,0,0,0,-0.64066,0.767824,0,3
-208.093,662.417,0,0,0,-0.67395,0.738777,0,3
-207.639,659.798,0,0,0,-0.665743,0.746181,0,3
-207.328,657.097,0,0,0,-0.627834,0.778348,0,3
-206.676,654.567,0,0,0,-0.634866,0.772622,0,3
-206.299,652.394,0,0,0,-0.654748,0.755848,0,3
-205.862,649.701,0,0,0,-0.643136,0.765752,0,3
-205.355,646.937,0,0,0,-0.660932,0.750446,0,3
-205.169,644.028,0,0,0,-0.615937,0.787795,0,3
-204.624,641.894,0,0,0,-0.627966,0.778241,0,3
-204.174,639.14,0,0,0,-0.673273,0.739394,0,3
-203.697,636.174,0,0,0,-0.664028,0.747708,0,3
-203.434,633.848,0,0,0,-0.651561,0.758596,0,3
-203.198,630.824,0,0,0,-0.703086,0.711104,0,3
-202.599,628.748,0,0,0,-0.707651,0.706562,0,3
-202.086,626.15,0,0,0,-0.641264,0.76732,0,3
-201.675,622.805,0,0,0,-0.648753,0.760999,0,3
-201.118,620.127,0,0,0,-0.627711,0.778446,0,3
-200.562,618.066,0,0,0,-0.660958,0.750423,0,3
-200.134,615.266,0,0,0,-0.622724,0.782441,0,3
-199.61,613.165,0,0,0,-0.64646,0.762948,0,3
-199.128,609.895,0,0,0,-0.614927,0.788584,0,3
-198.575,607.907,0,0,0,-0.616043,0.787713,0,3
-198.045,604.765,0,0,0,-0.692846,0.721085,0,3
-197.419,602.261,0,0,0,-0.627684,0.778468,0,3
-196.985,599.88,0,0,0,-0.656738,0.754119,0,3
-196.644,596.935,0,0,0,-0.682631,0.730764,0,3
-196.51,594.738,0,0,0,-0.685116,0.728434,0,3
-195.974,591.765,0,0,0,-0.637488,0.77046,0,3
-195.521,589.511,0,0,0,-0.652248,0.758006,0,3
-194.99,586.773,0,0,0,-0.63664,0.771161,0,3
-194.52,584.039,0,0,0,-0.660705,0.750646,0,3
-193.966,580.883,0,0,0,-0.64357,0.765387,0,3
-193.522,578.744,0,0,0,-0.648021,0.761622,0,3
-192.909,576.14,0,0,0,-0.633832,0.77347,0,3
-192.275,573.494,0,0,0,-0.616585,0.787289,0,3
-191.657,570.795,0,0,0,-0.634701,0.772758,0,3
-191.212,568.188,0,0,0,-0.663682,0.748015,0,3
-190.884,565.65,0,0,0,-0.670954,0.741499,0,3
-190.331,563.046,0,0,0,-0.623765,0.781612,0,3
-189.8,560.511,0,0,0,-0.651238,0.758873,0,3
-189.158,557.401,0,0,0,-0.636938,0.770915,0,3
-188.721,555.403,0,0,0,-0.650814,0.759237,0,3
-188.296,552.332,0,0,0,-0.624832,0.78076,0,3
-187.79,549.785,0,0,0,-0.65781,0.753184,0,3
-187.466,547.731,0,0,0,-0.625615,0.780132,0,3
-186.842,544.705,0,0,0,-0.661992,0.749511,0,3
-186.404,542.129,0,0,0,-0.628522,0.777792,0,3
-185.877,539.547,0,0,0,-0.652399,0.757876,0,3
-185.399,536.96,0,0,0,-0.624609,0.780938,0,3
-184.899,534.378,0,0,0,-0.632479,0.774577,0,3
-184.237,531.351,0,0,0,-0.610904,0.791705,0,3
-183.635,528.761,0,0,0,-0.653893,0.756587,0,3
-183.241,526.635,0,0,0,-0.621202,0.78365,0,3
-182.801,523.977,0,0,0,-0.672424,0.740166,0,3
-182.186,521.289,0,0,0,-0.62909,0.777332,0,3
-181.727,518.547,0,0,0,-0.672368,0.740217,0,3
-181.111,515.864,0,0,0,-0.611613,0.791157,0,3
-180.567,513.68,0,0,0,-0.634031,0.773308,0,3
-180.103,510.854,0,0,0,-0.670866,0.741578,0,3
-179.753,508.393,0,0,0,-0.633614,0.77365,0,3
-179.237,505.937,0,0,0,-0.638106,0.769948,0,3
-178.814,503.435,0,0,0,-0.662407,0.749144,0,3
-178.419,500.79,0,0,0,-0.635245,0.772311,0,3
-177.935,498.264,0,0,0,-0.66598,0.745969,0,3
-177.426,495.418,0,0,0,-0.636457,0.771312,0,3
-176.81,492.906,0,0,0,-0.643706,0.765273,0,3
-176.286,490.169,0,0,0,-0.630174,0.776454,0,3
-175.805,488.042,0,0,0,-0.648704,0.761041,0,3
-175.316,485.5,0,0,0,-0.672121,0.740441,0,3
-175.02,482.84,0,0,0,-0.656643,0.754202,0,3
-174.359,479.643,0,0,0,-0.628639,0.777697,0,3
-173.87,477.163,0,0,0,-0.662086,0.749427,0,3
-173.367,474.692,0,0,0,-0.619568,0.784943,0,3
-172.788,472.245,0,0,0,-0.650843,0.759212,0,3
-172.378,470.006,0,0,0,-0.680984,0.732298,0,3
-171.897,467.199,0,0,0,-0.658212,0.752833,0,3
-171.39,464.947,0,0,0,-0.606718,0.794917,0,3
-170.88,462.512,0,0,0,-0.640891,0.767632,0,3
-170.601,459.187,0,0,0,-0.708602,0.705608,0,3
-170.36,457.047,0,0,0,-0.656179,0.754605,0,3
-169.815,453.754,0,0,0,-0.650123,0.759829,0,3
-169.33,451.642,0,0,0,-0.601313,0.799014,0,3
-168.342,448.35,0,0,0,-0.620109,0.784516,0,3
-167.833,445.816,0,0,0,-0.646159,0.763203,0,3
-167.426,443.784,0,0,0,-0.608712,0.793392,0,3
-166.942,440.713,0,0,0,-0.693636,0.720326,0,3
-166.739,438.659,0,0,0,-0.636247,0.771485,0,3
-166.173,436.113,0,0,0,-0.639004,0.769203,0,3
-165.911,434.582,0,0,0,-0.650202,0.759761,0,3
-165.735,433.535,0,0,0,-0.640078,0.76831,0,3
-165.203,431.029,0,0,0,-0.651393,0.75874,0,3
-164.56,428.475,0,0,0,-0.626485,0.779433,0,3
-163.961,425.969,0,0,0,-0.626972,0.779042,0,3
-163.244,422.848,0,0,0,-0.636042,0.771654,0,3
-162.875,420.76,0,0,0,-0.660516,0.750812,0,3
-162.324,417.622,0,0,0,-0.646644,0.762792,0,3
-161.898,415.053,0,0,0,-0.665539,0.746363,0,3
-161.486,412.443,0,0,0,-0.625815,0.779971,0,3
-160.875,409.87,0,0,0,-0.638856,0.769326,0,3
-160.295,407.27,0,0,0,-0.62417,0.781289,0,3
-159.884,405.165,0,0,0,-0.620243,0.78441,0,3
-159.127,402.052,0,0,0,-0.640392,0.768048,0,3
-158.744,399.849,0,0,0,-0.663714,0.747986,0,3
-157.937,396.579,0,0,0,-0.628844,0.777531,0,3
-157.251,393.889,0,0,0,-0.638837,0.769342,0,3
-156.89,391.571,0,0,0,-0.680635,0.732623,0,3
-156.235,388.63,0,0,0,-0.634876,0.772614,0,3
-155.703,386.312,0,0,0,-0.646472,0.762938,0,3
-155.283,383.865,0,0,0,-0.659354,0.751833,0,3
-154.87,380.591,0,0,0,-0.676662,0.736294,0,3
-154.404,378.702,0,0,0,-0.607111,0.794617,0,3
-153.39,375.58,0,0,0,-0.607803,0.794088,0,3
-152.856,373.54,0,0,0,-0.638959,0.769241,0,3
-152.509,370.872,0,0,0,-0.650728,0.759311,0,3
-152.214,368.274,0,0,0,-0.68432,0.729182,0,3
-151.796,365.229,0,0,0,-0.675531,0.737332,0,3
-151.636,362.746,0,0,0,-0.686182,0.72743,0,3
-151.435,359.815,0,0,0,-0.676688,0.736269,0,3
-151.079,356.983,0,0,0,-0.687101,0.726562,0,3
-150.409,354.209,0,0,0,-0.695903,0.718136,0,3
-150.3,351.913,0,0,0,-0.695381,0.718641,0,3
-149.85,349.27,0,0,0,-0.643843,0.765158,0,3
-149.459,347.082,0,0,0,-0.656905,0.753973,0,3
-149.026,343.872,0,0,0,-0.671181,0.741294,0,3
-148.64,341.681,0,0,0,-0.634019,0.773318,0,3
-148.159,339.013,0,0,0,-0.649869,0.760047,0,3
-147.533,335.815,0,0,0,-0.657156,0.753754,0,3
-147.182,333.194,0,0,0,-0.69522,0.718797,0,3
-146.545,330.639,0,0,0,-0.63928,0.768974,0,3
-146.148,328.114,0,0,0,-0.69354,0.720418,0,3
-146.008,325.535,0,0,0,-0.704325,0.709877,0,3
-146.013,322.836,0,0,0,-0.72548,0.688244,0,3
-145.983,320.218,0,0,0,-0.714529,0.699606,0,3
-146.25,317.018,0,0,0,-0.73833,0.674439,0,3
-146.542,314.934,0,0,0,-0.720628,0.693322,0,3
-146.777,312.25,0,0,0,-0.736529,0.676406,0,3
-147.037,309.124,0,0,0,-0.702525,0.711659,0,3
-146.752,306.391,0,0,0,-0.671611,0.740904,0,3
-146.177,304.047,0,0,0,-0.70456,0.709645,0,3
-145.735,300.79,0,0,0,-0.672946,0.739691,0,3
-145.407,298.04,0,0,0,-0.659558,0.751654,0,3
-145.053,295.205,0,0,0,-0.705762,0.708449,0,3
-144.986,292.331,0,0,0,-0.690461,0.723369,0,3
-145.009,289.478,0,0,0,-0.738056,0.674739,0,3
-144.748,287.258,0,0,0,-0.694926,0.719081,0,3
-144.396,284.419,0,0,0,-0.662135,0.749385,0,3
-144.081,282.25,0,0,0,-0.682368,0.731009,0,3
-144.11,279.398,0,0,0,-0.705552,0.708658,0,3
-143.904,276.057,0,0,0,-0.703482,0.710713,0,3
-143.929,273.71,0,0,0,-0.730606,0.682799,0,3
-143.539,271.339,0,0,0,-0.651043,0.759041,0,3
-143.172,268.496,0,0,0,-0.684736,0.728791,0,3
-143.048,266.018,0,0,0,-0.702584,0.711601,0,3
-143.072,262.856,0,0,0,-0.726007,0.687687,0,3
-142.969,261.018,0,0,0,-0.680105,0.733115,0,3
-142.779,258.015,0,0,0,-0.687378,0.7263,0,3
-142.649,254.795,0,0,0,-0.704368,0.709835,0,3
-142.471,252.239,0,0,0,-0.66051,0.750817,0,3
-142.001,249.823,0,0,0,-0.630053,0.776552,0,3
-141.599,246.713,0,0,0,-0.685518,0.728056,0,3
-141.499,244.683,0,0,0,-0.651094,0.758997,0,3
-141.038,241.542,0,0,0,-0.699038,0.715085,0,3
-140.911,239.545,0,0,0,-0.690383,0.723444,0,3
-140.861,236.758,0,0,0,-0.684051,0.729434,0,3
-140.479,234.058,0,0,0,-0.703896,0.710303,0,3
-139.814,231.126,0,0,0,-0.602133,0.798396,0,3
-139.276,228.488,0,0,0,-0.699348,0.714782,0,3
-139.394,225.838,0,0,0,-0.710736,0.703459,0,3
-139.423,223.119,0,0,0,-0.698779,0.715338,0,3
-139.542,219.878,0,0,0,-0.742113,0.670274,0,3
-139.663,216.884,0,0,0,-0.707536,0.706678,0,3
-139.677,214.463,0,0,0,-0.719214,0.694789,0,3
-139.628,211.478,0,0,0,-0.698438,0.715671,0,3
-139.552,209.801,0,0,0,-0.597083,0.802179,0,3
-139.554,207.586,0,0,0,-0.705206,0.709002,0,3
-139.508,205.404,0,0,0,-0.707261,0.706952,0,3
-139.453,203.14,0,0,0,-0.694668,0.719331,0,3
-139.374,201.013,0,0,0,-0.683756,0.72971,0,3
-139.233,198.2,0,0,0,-0.677654,0.735381,0,3
-139.01,196.666,0,0,0,-0.662208,0.74932,0,3
-138.584,194.089,0,0,0,-0.648441,0.761265,0,3
-138.397,191.49,0,0,0,-0.705116,0.709092,0,3
-138.44,188.816,0,0,0,-0.70583,0.708381,0,3
-138.417,186.157,0,0,0,-0.713082,0.701081,0,3
-138.465,183.055,0,0,0,-0.724678,0.689088,0,3
-138.515,180.38,0,0,0,-0.716655,0.697427,0,3
-138.468,177.097,0,0,0,-0.717147,0.696922,0,3
-138.428,174.365,0,0,0,-0.705483,0.708727,0,3
-138.526,171.651,0,0,0,-0.715835,0.698269,0,3
-138.516,169.579,0,0,0,-0.702823,0.711365,0,3
-138.533,166.376,0,0,0,-0.714626,0.699507,0,3
-137.812,163.899,0,0,0,-0.590659,0.806921,0,3
-137.216,161.337,0,0,0,-0.665963,0.745985,0,3
-136.769,158.138,0,0,0,-0.670038,0.742327,0,3
-136.428,155.46,0,0,0,-0.668433,0.743773,0,3
-136.279,153.336,0,0,0,-0.67785,0.7352,0,3
-136.187,150.524,0,0,0,-0.69337,0.720582,0,3
-135.801,147.233,0,0,0,-0.699393,0.714737,0,3
-135.537,144.885,0,0,0,-0.670933,0.741518,0,3
-135.374,142.427,0,0,0,-0.697916,0.71618,0,3
-135.205,139.257,0,0,0,-0.691518,0.722359,0,3
-135.156,136.624,0,0,0,-0.684463,0.729048,0,3
-134.99,134.008,0,0,0,-0.707283,0.706931,0,3
-134.734,131.391,0,0,0,-0.682287,0.731084,0,3
-134.534,128.655,0,0,0,-0.686223,0.727391,0,3
-134.787,126.574,0,0,0,-0.72691,0.686733,0,3
-134.948,123.781,0,0,0,-0.708078,0.706134,0,3
-134.92,120.858,0,0,0,-0.74393,0.668258,0,3
-134.658,117.894,0,0,0,-0.717938,0.696107,0,3
-134.432,114.944,0,0,0,-0.718425,0.695605,0,3
-133.444,111.985,0,0,0,-0.703077,0.711113,0,3
-133.098,109.3,0,0,0,-0.706843,0.707371,0,3
-133.092,106.072,0,0,0,-0.71854,0.695486,0,3
-133.008,103.581,0,0,0,-0.725309,0.688424,0,3
-132.897,101.065,0,0,0,-0.703301,0.710892,0,3
-132.827,98.5981,0,0,0,-0.721317,0.692605,0,3
-132.744,96.2084,0,0,0,-0.694843,0.719161,0,3
-132.524,93.2649,0,0,0,-0.68376,0.729707,0,3
-132.471,90.4453,0,0,0,-0.718089,0.695951,0,3
-132.392,87.6646,0,0,0,-0.708501,0.705709,0,3
-132.44,85.0409,0,0,0,-0.719974,0.694001,0,3
-132.179,82.4071,0,0,0,-0.671271,0.741212,0,3
-132.06,79.6775,0,0,0,-0.710719,0.703476,0,3
-132.047,77.0683,0,0,0,-0.725052,0.688694,0,3
-131.992,74.5223,0,0,0,-0.676827,0.736142,0,3
-131.856,71.8602,0,0,0,-0.708304,0.705908,0,3
-131.823,69.2253,0,0,0,-0.675229,0.737608,0,3
-131.618,66.1244,0,0,0,-0.694142,0.719838,0,3
-131.496,64.1063,0,0,0,-0.710377,0.703821,0,3
-131.38,60.5416,0,0,0,-0.712051,0.702128,0,3
-131.51,57.8822,0,0,0,-0.738095,0.674697,0,3
-131.476,55.7897,0,0,0,-0.689025,0.724738,0,3
-131.458,53.0763,0,0,0,-0.717839,0.696209,0,3
-131.481,50.434,0,0,0,-0.706583,0.707631,0,3
-131.453,47.7411,0,0,0,-0.71668,0.697402,0,3
-131.374,45.2153,0,0,0,-0.707473,0.70674,0,3
-131.372,41.9506,0,0,0,-0.72916,0.684343,0,3
-131.371,39.6498,0,0,0,-0.707768,0.706445,0,3
-131.352,36.7798,0,0,0,-0.707136,0.707078,0,3
-131.307,34.4627,0,0,0,-0.700418,0.713733,0,3
-131.211,31.6647,0,0,0,-0.691745,0.722142,0,3
-131.044,28.6835,0,0,0,-0.742629,0.669703,0,3
-131.207,26.6126,0,0,0,-0.750841,0.660483,0,3
-131.402,23.0498,0,0,0,-0.706716,0.707497,0,3
-131.298,21.1826,0,0,0,-0.708381,0.705831,0,3
-131.33,18.0086,0,0,0,-0.73635,0.6766,0,3
-131.352,16.1175,0,0,0,-0.665772,0.746155,0,3
-131.111,13.3414,0,0,0,-0.619072,0.785334,0,3
-130.326,11.3713,0,0,0,-0.554221,0.83237,0,3
-129.164,9.61991,0,0,0,-0.335913,0.941893,0,3
-127.481,8.52157,0,0,0,-0.176461,0.984308,0,3
-125.226,7.81212,0,0,0,-0.0130372,0.999915,0,3
-122.625,7.6275,0,0,0,-0.0437933,0.999041,0,3
-119.644,7.31483,0,0,0,-0.0662924,0.9978,0,3
-117.695,7.3239,0,0,0,-0.0146955,0.999892,0,3
-115.172,7.23671,0,0,0,0.00433,0.999991,0,3
-112.545,7.27505,0,0,0,-0.00930282,0.999957,0,3
-109.589,7.08965,0,0,0,-0.0548003,0.998497,0,3
-107.214,6.92781,0,0,0,-0.0368655,0.99932,0,3
-104.438,6.64323,0,0,0,-0.0106191,0.999944,0,3
-101.461,6.62515,0,0,0,0.0254731,0.999676,0,3
-99,6.95953,0,0,0,0.0332772,0.999446,0,3
-96.0088,7.20157,0,0,0,0.0127076,0.999919,0,3
-94.2688,7.13464,0,0,0,-0.040321,0.999187,0,3
-91.1297,6.90465,0,0,0,0.00447389,0.99999,0,3
-88.2518,6.87759,0,0,0,-0.0211461,0.999776,0,3
-86.0939,6.75168,0,0,0,-0.0508579,0.998706,0,3
-82.8796,6.77877,0,0,0,0.0498702,0.998756,0,3
-80.6337,6.95792,0,0,0,0.0118408,0.99993,0,3
-77.4324,6.88803,0,0,0,-0.0436026,0.999049,0,3
-75.4139,6.75661,0,0,0,0.0392133,0.999231,0,3
-72.7724,6.99262,0,0,0,0.0146249,0.999893,0,3
-69.6509,6.93977,0,0,0,-0.0278498,0.999612,0,3
-67.0784,6.77997,0,0,0,-0.0493519,0.998781,0,3
-64.4983,6.95984,0,0,0,0.10163,0.994822,0,3
-62.2769,7.14622,0,0,0,0.100291,0.994958,0,3
-59.4606,7.06788,0,0,0,-0.0592763,0.998242,0,3
-56.7328,7.27418,0,0,0,-0.078522,0.996912,0,3
-53.6504,6.96612,0,0,0,-0.0249391,0.999689,0,3
-51.5442,6.99428,0,0,0,-0.00172105,0.999999,0,3
-48.3125,6.88789,0,0,0,-0.0462517,0.99893,0,3
-46.1658,6.77084,0,0,0,-0.0439666,0.999033,0,3
-43.6332,6.87098,0,0,0,0.0141171,0.9999,0,3
-40.9441,6.87473,0,0,0,-0.0119155,0.999929,0,3
-38.6724,6.80809,0,0,0,-0.0349721,0.999388,0,3
-35.4799,6.99629,0,0,0,0.0172729,0.999851,0,3
-32.6296,6.99925,0,0,0,-0.0270189,0.999635,0,3
-30.3274,6.83536,0,0,0,-0.0380984,0.999274,0,3
-27.9146,6.5699,0,0,0,-0.0718658,0.997414,0,3
-24.965,6.59156,0,0,0,0.00396249,0.999992,0,3
-21.9138,6.62916,0,0,0,-0.0130735,0.999915,0,3
-20.0153,6.51355,0,0,0,-0.0479233,0.998851,0,3
-16.8692,6.56139,0,0,0,0.0202153,0.999796,0,3
-14.3728,6.60199,0,0,0,-0.000653001,1,0,3
-11.6725,6.5812,0,0,0,-0.0277661,0.999614,0,3
-8.83658,6.50432,0,0,0,-0.018194,0.999834,0,3
-6.80029,6.51464,0,0,0,0.00432401,0.999991,0,3
-3.59403,6.80682,0,0,0,0.108124,0.994137,0,3
-1.71029,6.71989,0,0,0,-0.096732,0.99531,0,3
0.809305,6.34677,0,0,0,0.00670505,0.999978,0,3
2.10943,6.26672,0,0,0,-0.0240446,0.999711,0,3
